match_id,player_id,minutes,play_duration_seconds,match_share,kpi_position,squad_id,estimated_match_duration_seconds
122841,622,101.29913333333334,6077.948,1.0,CENTRAL_DEFENDER,34,6077.948
122841,862,90.365,5421.9,0.89206094,RIGHT_WINGER,34,6077.947993104596
122841,968,90.365,5421.9,0.89206094,CENTER_FORWARD,34,6077.947993104596
122841,986,101.29913333333334,6077.948,1.0,RIGHT_WINGBACK_DEFENDER,34,6077.948
122841,1135,10.934133333333333,656.048,0.107939065,CENTER_FORWARD,34,6077.947775441635
122841,1268,96.00376666666666,5760.226,0.9477255,LEFT_WINGBACK_DEFENDER,34,6077.947675777426
122841,1294,96.00376666666666,5760.226,0.9477255,LEFT_WINGER,34,6077.947675777426
122841,1320,101.29913333333334,6077.948,1.0,DEFENSE_MIDFIELD,34,6077.948
122841,9604,10.934133333333333,656.048,0.107939065,RIGHT_WINGER,34,6077.947775441635
122841,9604,90.365,5421.9,0.89206094,CENTER_FORWARD,34,6077.947993104596
122841,15811,10.934133333333333,656.048,0.107939065,CENTER_FORWARD,34,6077.947775441635
122841,23350,101.29913333333334,6077.948,1.0,CENTRAL_DEFENDER,34,6077.948
122841,27747,22.02,1321.2,0.217376,DEFENSE_MIDFIELD,34,6077.947887531282
122841,49785,101.29913333333334,6077.948,1.0,GOALKEEPER,34,6077.948
122841,62650,5.295366666666666,317.722,0.05227455,LEFT_WINGBACK_DEFENDER,34,6077.948064593573
122841,68933,79.27913333333332,4756.748,0.782624,DEFENSE_MIDFIELD,34,6077.948031238499
122841,94862,5.295366666666666,317.722,0.05227455,LEFT_WINGER,34,6077.948064593573
122848,622,99.72798333333334,5983.679,1.0,CENTRAL_DEFENDER,34,5983.679
122848,862,62.6801,3760.806,0.62851065,CENTER_FORWARD,34,5983.679035510378
122848,930,27.427083333333332,1645.625,0.27501893,RIGHT_WINGER,34,5983.679014386392
122848,930,9.620800000000001,577.248,0.096470416,CENTER_FORWARD,34,5983.67897573905
122848,968,27.427083333333332,1645.625,0.27501893,CENTER_FORWARD,34,5983.679014386392
122848,986,85.67236666666666,5140.342,0.85906047,LEFT_WINGBACK_DEFENDER,34,5983.678890497662
122848,1050,99.72798333333334,5983.679,1.0,DEFENSE_MIDFIELD,34,5983.679
122848,1294,99.72798333333334,5983.679,1.0,LEFT_WINGER,34,5983.679
122848,1320,99.72798333333334,5983.679,1.0,DEFENSE_MIDFIELD,34,5983.679
122848,9604,85.67236666666666,5140.342,0.85906047,CENTER_FORWARD,34,5983.678890497662
122848,15811,72.3009,4338.054,0.72498107,RIGHT_WINGER,34,5983.678994542574
122848,23350,99.72798333333334,5983.679,1.0,CENTRAL_DEFENDER,34,5983.679
122848,49785,99.72798333333334,5983.679,1.0,GOALKEEPER,34,5983.679
122848,62650,99.72798333333334,5983.679,1.0,RIGHT_WINGBACK_DEFENDER,34,5983.679
122848,94847,14.055616666666667,843.337,0.14093955,LEFT_WINGBACK_DEFENDER,34,5983.67881833027
122848,94862,14.055616666666667,843.337,0.14093955,CENTER_FORWARD,34,5983.67881833027
122861,622,94.02281666666666,5641.369,1.0,CENTRAL_DEFENDER,34,5641.369
122861,862,47.050216666666664,2823.013,0.50041276,RIGHT_WINGER,34,5641.368937115032
122861,930,46.97260000000001,2818.356,0.49958724,CENTER_FORWARD,34,5641.369062988879
122861,968,47.050216666666664,2823.013,0.50041276,CENTER_FORWARD,34,5641.368937115032
122861,986,47.050216666666664,2823.013,0.50041276,LEFT_WINGBACK_DEFENDER,34,5641.368937115032
122861,986,46.97260000000001,2818.356,0.49958724,RIGHT_WINGBACK_DEFENDER,34,5641.369062988879
122861,1050,94.02281666666666,5641.369,1.0,DEFENSE_MIDFIELD,34,5641.369
122861,1294,74.50295,4470.177,0.79239225,LEFT_WINGER,34,5641.368905362211
122861,1320,74.50295,4470.177,0.79239225,DEFENSE_MIDFIELD,34,5641.368905362211
122861,9604,94.02281666666666,5641.369,1.0,ATTACKING_MIDFIELD,34,5641.369
122861,15811,46.97260000000001,2818.356,0.49958724,RIGHT_WINGER,34,5641.369062988879
122861,23350,94.02281666666666,5641.369,1.0,CENTRAL_DEFENDER,34,5641.369
122861,49785,94.02281666666666,5641.369,1.0,GOALKEEPER,34,5641.369
122861,62650,47.050216666666664,2823.013,0.50041276,RIGHT_WINGBACK_DEFENDER,34,5641.368937115032
122861,68933,19.519866666666665,1171.192,0.20760776,DEFENSE_MIDFIELD,34,5641.369089479122
122861,94847,46.97260000000001,2818.356,0.49958724,LEFT_WINGBACK_DEFENDER,34,5641.369062988879
122861,94862,19.519866666666665,1171.192,0.20760776,LEFT_WINGER,34,5641.369089479122
122867,622,88.84523333333333,5330.714,0.8736465,CENTRAL_DEFENDER,34,6101.683003365778
122867,622,12.849483333333334,770.969,0.1263535,DEFENSE_MIDFIELD,34,6101.68297672799
122867,862,101.69471666666666,6101.683,1.0,RIGHT_WINGBACK_DEFENDER,34,6101.683
122867,968,27.558766666666667,1653.526,0.27099508,CENTER_FORWARD,34,6101.682731656973
122867,986,91.02096666666667,5461.258,0.8950412,LEFT_WINGBACK_DEFENDER,34,6101.683363849619
122867,1050,88.84523333333333,5330.714,0.8736465,DEFENSE_MIDFIELD,34,6101.683003365778
122867,1135,101.69471666666666,6101.683,1.0,CENTRAL_DEFENDER,34,6101.683
122867,1294,18.15865,1089.519,0.1785604,ATTACKING_MIDFIELD,34,6101.683239956899
122867,1294,55.9773,3358.638,0.55044454,CENTER_FORWARD,34,6101.682832570199
122867,1320,101.69471666666666,6101.683,1.0,DEFENSE_MIDFIELD,34,6101.683
122867,9604,83.53606666666666,5012.164,0.82143956,ATTACKING_MIDFIELD,34,6101.683244960835
122867,15811,91.02096666666667,5461.258,0.8950412,ATTACKING_MIDFIELD,34,6101.683363849619
122867,23350,101.69471666666666,6101.683,1.0,CENTRAL_DEFENDER,34,6101.683
122867,28559,18.15865,1089.519,0.1785604,CENTER_FORWARD,34,6101.683239956899
122867,49785,101.69471666666666,6101.683,1.0,GOALKEEPER,34,6101.683
122867,68933,10.67375,640.425,0.10495875,ATTACKING_MIDFIELD,34,6101.682803958697
122867,94847,10.67375,640.425,0.10495875,LEFT_WINGBACK_DEFENDER,34,6101.682803958697
122882,622,100.8747,6052.482,1.0,CENTRAL_DEFENDER,34,6052.482
122882,862,100.8747,6052.482,1.0,RIGHT_WINGBACK_DEFENDER,34,6052.482
122882,930,23.403166666666667,1404.19,0.23200235,RIGHT_WINGER,34,6052.481795981808
122882,986,88.23953333333334,5294.372,0.87474394,LEFT_WINGBACK_DEFENDER,34,6052.482055491577
122882,1294,77.47153333333334,4648.292,0.7679977,LEFT_WINGER,34,6052.481667588328
122882,1320,100.8747,6052.482,1.0,DEFENSE_MIDFIELD,34,6052.482
122882,9604,88.23953333333334,5294.372,0.87474394,CENTER_FORWARD,34,6052.482055491577
122882,15811,77.47153333333334,4648.292,0.7679977,RIGHT_WINGER,34,6052.481667588328
122882,23350,100.8747,6052.482,1.0,CENTRAL_DEFENDER,34,6052.482
122882,27747,100.8747,6052.482,1.0,DEFENSE_MIDFIELD,34,6052.482
122882,28559,12.635166666666667,758.11,0.12525605,CENTER_FORWARD,34,6052.482095675218
122882,49785,100.8747,6052.482,1.0,GOALKEEPER,34,6052.482
122882,62650,100.8747,6052.482,1.0,CENTRAL_DEFENDER,34,6052.482
122882,94847,12.635166666666667,758.11,0.12525605,LEFT_WINGBACK_DEFENDER,34,6052.482095675218
122882,94862,23.403166666666667,1404.19,0.23200235,LEFT_WINGER,34,6052.481795981808
122891,622,99.94685,5996.811,1.0,CENTRAL_DEFENDER,34,5996.811
122891,862,91.8599,5511.594,0.91908747,RIGHT_WINGBACK_DEFENDER,34,5996.811163142067
122891,930,23.8204,1429.224,0.23833068,ATTACKING_MIDFIELD,34,5996.81081764211
122891,968,8.08695,485.217,0.08091251,ATTACKING_MIDFIELD,34,5996.810629159817
122891,986,99.94685,5996.811,1.0,LEFT_WINGBACK_DEFENDER,34,5996.811
122891,1135,8.08695,485.217,0.08091251,CENTRAL_DEFENDER,34,5996.810629159817
122891,1294,56.34311666666667,3380.587,0.5637308,CENTRAL_MIDFIELD,34,5996.810889169086
122891,1294,19.783333333333335,1187.0,0.19793853,ATTACKING_MIDFIELD,34,5996.811232254781
122891,1320,99.94685,5996.811,1.0,DEFENSE_MIDFIELD,34,5996.811
122891,9604,15.73345,944.007,0.15741816,ATTACKING_MIDFIELD,34,5996.811295469341
122891,9604,76.12645,4567.587,0.76166934,CENTER_FORWARD,34,5996.810899595881
122891,15811,76.12645,4567.587,0.76166934,ATTACKING_MIDFIELD,34,5996.810899595881
122891,23350,99.94685,5996.811,1.0,CENTRAL_DEFENDER,34,5996.811
122891,27747,19.783333333333335,1187.0,0.19793853,DEFENSE_MIDFIELD,34,5996.811232254781
122891,28559,23.8204,1429.224,0.23833068,CENTER_FORWARD,34,5996.81081764211
122891,49785,99.94685,5996.811,1.0,GOALKEEPER,34,5996.811
122891,62650,8.08695,485.217,0.08091251,RIGHT_WINGBACK_DEFENDER,34,5996.810629159817
122891,62650,91.8599,5511.594,0.91908747,CENTRAL_DEFENDER,34,5996.811163142067
122891,68933,23.8204,1429.224,0.23833068,DEFENSE_MIDFIELD,34,5996.81081764211
122891,68933,56.34311666666667,3380.587,0.5637308,CENTRAL_MIDFIELD,34,5996.810889169086
122899,862,86.79726666666667,5207.836,0.8941252,CENTER_FORWARD,34,5824.504219319621
122899,930,26.193416666666668,1571.605,0.2698264,CENTRAL_MIDFIELD,34,5824.504199737312
122899,930,22.950783333333334,1377.047,0.23642305,CENTER_FORWARD,34,5824.503998235366
122899,986,70.88165000000001,4252.899,0.7301736,LEFT_WINGBACK_DEFENDER,34,5824.503926189608
122899,986,26.193416666666668,1571.605,0.2698264,CENTRAL_DEFENDER,34,5824.504199737312
122899,1135,97.07506666666667,5824.504,1.0,CENTRAL_DEFENDER,34,5824.504
122899,1294,26.193416666666668,1571.605,0.2698264,CENTRAL_MIDFIELD,34,5824.504199737312
122899,1294,70.88165000000001,4252.899,0.7301736,LEFT_WINGER,34,5824.503926189608
122899,1320,86.79726666666667,5207.836,0.8941252,DEFENSE_MIDFIELD,34,5824.504219319621
122899,9604,22.950783333333334,1377.047,0.23642305,CENTRAL_MIDFIELD,34,5824.503998235366
122899,9604,47.93086666666667,2875.852,0.49375054,CENTER_FORWARD,34,5824.5040096563735
122899,15811,70.88165000000001,4252.899,0.7301736,RIGHT_WINGER,34,5824.503926189608
122899,23350,97.07506666666667,5824.504,1.0,CENTRAL_DEFENDER,34,5824.504
122899,28559,26.193416666666668,1571.605,0.2698264,CENTER_FORWARD,34,5824.504199737312
122899,49785,97.07506666666667,5824.504,1.0,GOALKEEPER,34,5824.504
122899,56465,10.277800000000001,616.668,0.10587477,CENTER_FORWARD,34,5824.503798213682
122899,62650,97.07506666666667,5824.504,1.0,RIGHT_WINGBACK_DEFENDER,34,5824.504
122899,68933,47.93086666666667,2875.852,0.49375054,DEFENSE_MIDFIELD,34,5824.5040096563735
122899,70440,10.277800000000001,616.668,0.10587477,DEFENSE_MIDFIELD,34,5824.503798213682
122899,94862,26.193416666666668,1571.605,0.2698264,LEFT_WINGBACK_DEFENDER,34,5824.504199737312
122903,622,100.23088333333334,6013.853,1.0,CENTRAL_DEFENDER,34,6013.853
122903,862,76.94723333333333,4616.834,0.76769984,RIGHT_WINGER,34,6013.853018388019
122903,930,76.94723333333333,4616.834,0.76769984,CENTER_FORWARD,34,6013.853018388019
122903,968,23.28365,1397.019,0.23230016,CENTER_FORWARD,34,6013.852939231725
122903,986,13.856833333333332,831.41,0.13824914,LEFT_WINGBACK_DEFENDER,34,6013.852961399977
122903,1050,100.23088333333334,6013.853,1.0,DEFENSE_MIDFIELD,34,6013.853
122903,1135,100.23088333333334,6013.853,1.0,CENTRAL_DEFENDER,34,6013.853
122903,1294,92.31438333333334,5538.863,0.92101735,LEFT_WINGER,34,6013.853050651001
122903,1320,100.23088333333334,6013.853,1.0,DEFENSE_MIDFIELD,34,6013.853
122903,9604,7.9165,474.99,0.078982644,LEFT_WINGER,34,6013.852866206909
122903,9604,15.36715,922.029,0.15331751,RIGHT_WINGER,34,6013.853212199963
122903,15811,86.37405,5182.443,0.86175084,RIGHT_WINGBACK_DEFENDER,34,6013.853145765428
122903,23350,100.23088333333334,6013.853,1.0,CENTRAL_DEFENDER,34,6013.853
122903,28559,7.9165,474.99,0.078982644,RIGHT_WINGER,34,6013.852866206909
122903,49785,100.23088333333334,6013.853,1.0,GOALKEEPER,34,6013.853
122903,62650,13.856833333333332,831.41,0.13824914,RIGHT_WINGBACK_DEFENDER,34,6013.852961399977
122903,94862,86.37405,5182.443,0.86175084,LEFT_WINGBACK_DEFENDER,34,6013.853145765428
122912,622,96.6469,5798.814,1.0,CENTRAL_DEFENDER,34,5798.814
122912,968,29.48545,1769.127,0.3050843,CENTER_FORWARD,34,5798.813639377707
122912,986,96.6469,5798.814,1.0,LEFT_WINGBACK_DEFENDER,34,5798.814
122912,1050,96.6469,5798.814,1.0,DEFENSE_MIDFIELD,34,5798.814
122912,1135,29.48545,1769.127,0.3050843,CENTRAL_DEFENDER,34,5798.813639377707
122912,1294,13.78725,827.235,0.1426559,ATTACKING_MIDFIELD,34,5798.813788984543
122912,1294,67.16145,4029.687,0.6949157,LEFT_WINGER,34,5798.814158321649
122912,1320,67.16145,4029.687,0.6949157,CENTRAL_MIDFIELD,34,5798.814158321649
122912,9604,29.48545,1769.127,0.3050843,ATTACKING_MIDFIELD,34,5798.813639377707
122912,9604,67.16145,4029.687,0.6949157,CENTER_FORWARD,34,5798.814158321649
122912,15811,29.48545,1769.127,0.3050843,RIGHT_WINGBACK_DEFENDER,34,5798.813639377707
122912,15811,67.16145,4029.687,0.6949157,RIGHT_WINGER,34,5798.814158321649
122912,23350,67.16145,4029.687,0.6949157,CENTRAL_DEFENDER,34,5798.814158321649
122912,28559,15.698200000000002,941.892,0.16242838,DEFENSE_MIDFIELD,34,5798.814221997412
122912,49785,96.6469,5798.814,1.0,GOALKEEPER,34,5798.814
122912,62650,67.16145,4029.687,0.6949157,RIGHT_WINGBACK_DEFENDER,34,5798.814158321649
122912,62650,29.48545,1769.127,0.3050843,CENTRAL_DEFENDER,34,5798.813639377707
122912,68933,13.78725,827.235,0.1426559,DEFENSE_MIDFIELD,34,5798.813788984543
122912,68933,67.16145,4029.687,0.6949157,CENTRAL_MIDFIELD,34,5798.814158321649
122912,94862,15.698200000000002,941.892,0.16242838,ATTACKING_MIDFIELD,34,5798.814221997412
122921,622,101.10546666666667,6066.328,1.0,CENTRAL_DEFENDER,34,6066.328
122921,968,37.437016666666665,2246.221,0.37027687,ATTACKING_MIDFIELD,34,6066.328150607949
122921,986,50.10316666666667,3006.19,0.4955535,LEFT_WINGBACK_DEFENDER,34,6066.327853602083
122921,1050,101.10546666666667,6066.328,1.0,DEFENSE_MIDFIELD,34,6066.328
122921,1294,101.10546666666667,6066.328,1.0,LEFT_WINGER,34,6066.328
122921,1320,101.10546666666667,6066.328,1.0,DEFENSE_MIDFIELD,34,6066.328
122921,9604,101.10546666666667,6066.328,1.0,CENTER_FORWARD,34,6066.328
122921,15811,63.66845,3820.107,0.62972313,RIGHT_WINGER,34,6066.327911442605
122921,23350,101.10546666666667,6066.328,1.0,CENTRAL_DEFENDER,34,6066.328
122921,49785,101.10546666666667,6066.328,1.0,GOALKEEPER,34,6066.328
122921,62650,101.10546666666667,6066.328,1.0,RIGHT_WINGBACK_DEFENDER,34,6066.328
122921,68933,63.66845,3820.107,0.62972313,ATTACKING_MIDFIELD,34,6066.327911442605
122921,94848,51.0023,3060.138,0.5044465,LEFT_WINGBACK_DEFENDER,34,6066.328143817034
122921,94862,37.437016666666665,2246.221,0.37027687,RIGHT_WINGER,34,6066.328150607949
122929,622,101.63955,6098.373,1.0,CENTRAL_DEFENDER,34,6098.373
122929,968,15.94175,956.505,0.15684593,ATTACKING_MIDFIELD,34,6098.373097727177
122929,1050,101.63955,6098.373,1.0,DEFENSE_MIDFIELD,34,6098.373
122929,1135,94.5102,5670.612,0.92985654,CENTRAL_DEFENDER,34,6098.372981277305
122929,1294,85.6978,5141.868,0.8431541,ATTACKING_MIDFIELD,34,6098.372764836226
122929,1320,101.63955,6098.373,1.0,DEFENSE_MIDFIELD,34,6098.373
122929,9604,94.5102,5670.612,0.92985654,CENTER_FORWARD,34,6098.372981277305
122929,15811,15.94175,956.505,0.15684593,ATTACKING_MIDFIELD,34,6098.373097727177
122929,23350,101.63955,6098.373,1.0,CENTRAL_DEFENDER,34,6098.373
122929,28559,7.1293500000000005,427.761,0.07014346,CENTER_FORWARD,34,6098.3732481973375
122929,49785,101.63955,6098.373,1.0,GOALKEEPER,34,6098.373
122929,62650,101.63955,6098.373,1.0,RIGHT_WINGBACK_DEFENDER,34,6098.373
122929,68933,85.6978,5141.868,0.8431541,ATTACKING_MIDFIELD,34,6098.372764836226
122929,94847,7.1293500000000005,427.761,0.07014346,CENTRAL_DEFENDER,34,6098.3732481973375
122929,94862,101.63955,6098.373,1.0,LEFT_WINGBACK_DEFENDER,34,6098.373
122939,622,97.21603333333334,5832.962,1.0,CENTRAL_DEFENDER,34,5832.962
122939,968,97.21603333333334,5832.962,1.0,CENTER_FORWARD,34,5832.962
122939,1050,97.21603333333334,5832.962,1.0,DEFENSE_MIDFIELD,34,5832.962
122939,1135,83.00505,4980.303,0.85382056,CENTRAL_DEFENDER,34,5832.962139023684
122939,1294,97.21603333333334,5832.962,1.0,LEFT_WINGER,34,5832.962
122939,1320,97.21603333333334,5832.962,1.0,DEFENSE_MIDFIELD,34,5832.962
122939,9604,9.426733333333335,565.604,0.096966855,ATTACKING_MIDFIELD,34,5832.962201362518
122939,9604,83.00505,4980.303,0.85382056,RIGHT_WINGER,34,5832.962139023684
122939,15811,83.00505,4980.303,0.85382056,RIGHT_WINGBACK_DEFENDER,34,5832.962139023684
122939,23350,97.21603333333334,5832.962,1.0,CENTRAL_DEFENDER,34,5832.962
122939,28559,4.78425,287.055,0.04921256,ATTACKING_MIDFIELD,34,5832.96215437685
122939,49785,97.21603333333334,5832.962,1.0,GOALKEEPER,34,5832.962
122939,62650,14.210983333333333,852.659,0.14617942,RIGHT_WINGBACK_DEFENDER,34,5832.961986030591
122939,94848,14.210983333333333,852.659,0.14617942,LEFT_WINGBACK_DEFENDER,34,5832.961986030591
122939,94862,83.00505,4980.303,0.85382056,LEFT_WINGBACK_DEFENDER,34,5832.962139023684
122939,94862,14.210983333333333,852.659,0.14617942,RIGHT_WINGER,34,5832.961986030591
122949,622,23.110416666666666,1386.625,0.22534099,CENTRAL_DEFENDER,34,6153.452152668718
122949,862,12.973899999999999,778.434,0.12650363,RIGHT_WINGER,34,6153.451881183172
122949,968,89.58363333333334,5375.018,0.87349635,CENTER_FORWARD,34,6153.452158100031
122949,1050,102.55753333333334,6153.452,1.0,DEFENSE_MIDFIELD,34,6153.452
122949,1135,79.44711666666667,4766.827,0.774659,CENTRAL_DEFENDER,34,6153.452035024444
122949,1320,102.55753333333334,6153.452,1.0,DEFENSE_MIDFIELD,34,6153.452
122949,9604,37.7831,2266.986,0.36840883,LEFT_WINGER,34,6153.4518594464735
122949,15811,89.58363333333334,5375.018,0.87349635,RIGHT_WINGER,34,6153.452158100031
122949,23350,102.55753333333334,6153.452,1.0,CENTRAL_DEFENDER,34,6153.452
122949,28559,12.973899999999999,778.434,0.12650363,CENTER_FORWARD,34,6153.451881183172
122949,49785,102.55753333333334,6153.452,1.0,GOALKEEPER,34,6153.452
122949,62650,102.55753333333334,6153.452,1.0,RIGHT_WINGBACK_DEFENDER,34,6153.452
122949,68933,102.55753333333334,6153.452,1.0,CENTER_FORWARD,34,6153.452
122949,94848,102.55753333333334,6153.452,1.0,LEFT_WINGBACK_DEFENDER,34,6153.452
122949,94862,64.77443333333333,3886.466,0.6315912,LEFT_WINGER,34,6153.451789701946
122958,622,94.77208333333333,5686.325,1.0,CENTRAL_DEFENDER,34,5686.325
122958,862,36.76141666666667,2205.685,0.38789287,RIGHT_WINGER,34,5686.325195923297
122958,968,94.77208333333333,5686.325,1.0,CENTER_FORWARD,34,5686.325
122958,1050,94.77208333333333,5686.325,1.0,DEFENSE_MIDFIELD,34,5686.325
122958,1294,58.010666666666665,3480.64,0.6121071,LEFT_WINGER,34,5686.325154535864
122958,1320,94.77208333333333,5686.325,1.0,CENTRAL_MIDFIELD,34,5686.325
122958,9604,36.76141666666667,2205.685,0.38789287,LEFT_WINGER,34,5686.325195923297
122958,15811,58.010666666666665,3480.64,0.6121071,RIGHT_WINGER,34,5686.325154535864
122958,23350,94.77208333333333,5686.325,1.0,CENTRAL_DEFENDER,34,5686.325
122958,28559,3.065633333333333,183.938,0.03234743,CENTRAL_MIDFIELD,34,5686.325003253735
122958,49785,94.77208333333333,5686.325,1.0,GOALKEEPER,34,5686.325
122958,62650,94.77208333333333,5686.325,1.0,RIGHT_WINGBACK_DEFENDER,34,5686.325
122958,68933,91.70644999999999,5502.387,0.96765256,CENTRAL_MIDFIELD,34,5686.32505865535
122958,94848,94.77208333333333,5686.325,1.0,LEFT_WINGBACK_DEFENDER,34,5686.325
122966,622,102.05823333333333,6123.494,1.0,CENTRAL_DEFENDER,34,6123.494
122966,862,31.200933333333335,1872.056,0.30571696,LEFT_WINGER,34,6123.49409728528
122966,968,31.200933333333335,1872.056,0.30571696,CENTER_FORWARD,34,6123.49409728528
122966,986,21.733716666666666,1304.023,0.21295407,RIGHT_WINGBACK_DEFENDER,34,6123.494141248392
122966,1050,102.05823333333333,6123.494,1.0,DEFENSE_MIDFIELD,34,6123.494
122966,1135,102.05823333333333,6123.494,1.0,CENTRAL_DEFENDER,34,6123.494
122966,1294,70.8573,4251.438,0.694283,LEFT_WINGER,34,6123.494309957179
122966,1320,102.05823333333333,6123.494,1.0,DEFENSE_MIDFIELD,34,6123.494
122966,9604,70.8573,4251.438,0.694283,CENTER_FORWARD,34,6123.494309957179
122966,15811,102.05823333333333,6123.494,1.0,RIGHT_WINGER,34,6123.494
122966,28559,3.0343333333333335,182.06,0.029731391,CENTER_FORWARD,34,6123.494188347931
122966,49785,102.05823333333333,6123.494,1.0,GOALKEEPER,34,6123.494
122966,62650,80.32451666666665,4819.471,0.7870459,RIGHT_WINGBACK_DEFENDER,34,6123.4941951924275
122966,68933,99.0239,5941.434,0.9702686,CENTER_FORWARD,34,6123.494051028756
122966,94848,80.32451666666665,4819.471,0.7870459,LEFT_WINGBACK_DEFENDER,34,6123.4941951924275
122966,94862,21.733716666666666,1304.023,0.21295407,LEFT_WINGBACK_DEFENDER,34,6123.494141248392
122981,622,99.34798333333333,5960.879,1.0,CENTRAL_DEFENDER,34,5960.879
122981,862,84.99363333333334,5099.618,0.8555144,LEFT_WINGER,34,5960.879209046628
122981,968,32.7704,1966.224,0.3298547,ATTACKING_MIDFIELD,34,5960.879138602542
122981,986,84.99363333333334,5099.618,0.8555144,LEFT_WINGBACK_DEFENDER,34,5960.879209046628
122981,1050,99.34798333333333,5960.879,1.0,DEFENSE_MIDFIELD,34,5960.879
122981,1135,99.34798333333333,5960.879,1.0,CENTRAL_DEFENDER,34,5960.879
122981,1320,99.34798333333333,5960.879,1.0,DEFENSE_MIDFIELD,34,5960.879
122981,9604,99.34798333333333,5960.879,1.0,CENTER_FORWARD,34,5960.879
122981,15811,99.34798333333333,5960.879,1.0,RIGHT_WINGER,34,5960.879
122981,28559,14.35435,861.261,0.14448556,LEFT_WINGER,34,5960.879412447859
122981,49785,99.34798333333333,5960.879,1.0,GOALKEEPER,34,5960.879
122981,62650,99.34798333333333,5960.879,1.0,RIGHT_WINGBACK_DEFENDER,34,5960.879
122981,68933,66.57758333333334,3994.655,0.6701453,ATTACKING_MIDFIELD,34,5960.878931777929
122981,94862,14.35435,861.261,0.14448556,LEFT_WINGBACK_DEFENDER,34,5960.879412447859
122984,622,96.30081666666666,5778.049,1.0,CENTRAL_DEFENDER,34,5778.049
122984,862,3.9587166666666667,237.523,0.04110782,LEFT_WINGER,34,5778.04904273688
122984,862,9.87785,592.671,0.10257286,RIGHT_WINGER,34,5778.048891295417
122984,862,82.46424999999999,4947.855,0.8563193,CENTER_FORWARD,34,5778.0491459202185
122984,930,9.87785,592.671,0.10257286,ATTACKING_MIDFIELD,34,5778.048891295417
122984,930,3.9587166666666667,237.523,0.04110782,RIGHT_WINGER,34,5778.04904273688
122984,968,82.46424999999999,4947.855,0.8563193,ATTACKING_MIDFIELD,34,5778.0491459202185
122984,968,13.836566666666666,830.194,0.14368068,CENTER_FORWARD,34,5778.048934623638
122984,1135,96.30081666666666,5778.049,1.0,CENTRAL_DEFENDER,34,5778.049
122984,1294,82.46424999999999,4947.855,0.8563193,LEFT_WINGER,34,5778.0491459202185
122984,1320,96.30081666666666,5778.049,1.0,DEFENSE_MIDFIELD,34,5778.049
122984,9604,3.9587166666666667,237.523,0.04110782,ATTACKING_MIDFIELD,34,5778.04904273688
122984,9604,9.87785,592.671,0.10257286,LEFT_WINGER,34,5778.048891295417
122984,49785,96.30081666666666,5778.049,1.0,GOALKEEPER,34,5778.049
122984,62650,96.30081666666666,5778.049,1.0,RIGHT_WINGBACK_DEFENDER,34,5778.049
122984,68933,96.30081666666666,5778.049,1.0,DEFENSE_MIDFIELD,34,5778.049
122984,94848,96.30081666666666,5778.049,1.0,LEFT_WINGBACK_DEFENDER,34,5778.049
122984,94862,82.46424999999999,4947.855,0.8563193,RIGHT_WINGER,34,5778.0491459202185
122997,622,100.10376666666666,6006.226,1.0,CENTRAL_DEFENDER,34,6006.226
122997,862,3.95725,237.435,0.03953148,CENTRAL_MIDFIELD,34,6006.225924250749
122997,862,88.85294999999999,5331.177,0.88760847,RIGHT_WINGER,34,6006.225920759859
122997,968,100.10376666666666,6006.226,1.0,CENTER_FORWARD,34,6006.226
122997,986,11.250816666666667,675.049,0.11239154,CENTRAL_DEFENDER,34,6006.226091394424
122997,986,9.1991,551.946,0.09189564,LEFT_WINGER,34,6006.2261931033945
122997,1050,11.250816666666667,675.049,0.11239154,DEFENSE_MIDFIELD,34,6006.226091394424
122997,1135,87.27983333333333,5236.79,0.8718936,CENTRAL_DEFENDER,34,6006.225989042699
122997,1294,79.65384999999999,4779.231,0.7957128,LEFT_WINGER,34,6006.226115754327
122997,1320,100.10376666666666,6006.226,1.0,DEFENSE_MIDFIELD,34,6006.226
122997,9604,88.85294999999999,5331.177,0.88760847,ATTACKING_MIDFIELD,34,6006.225920759859
122997,27747,7.293566666666666,437.614,0.07286006,CENTRAL_MIDFIELD,34,6006.226182081101
122997,49785,100.10376666666666,6006.226,1.0,GOALKEEPER,34,6006.226
122997,62650,88.85294999999999,5331.177,0.88760847,RIGHT_WINGBACK_DEFENDER,34,6006.225920759859
122997,62650,11.250816666666667,675.049,0.11239154,CENTRAL_DEFENDER,34,6006.226091394424
122997,68933,88.85294999999999,5331.177,0.88760847,DEFENSE_MIDFIELD,34,6006.225920759859
122997,94848,100.10376666666666,6006.226,1.0,LEFT_WINGBACK_DEFENDER,34,6006.226
122997,94862,11.250816666666667,675.049,0.11239154,RIGHT_WINGBACK_DEFENDER,34,6006.226091394424
123002,622,102.24888333333334,6134.933,1.0,CENTRAL_DEFENDER,34,6134.933
123002,930,15.389133333333332,923.348,0.15050662,CENTER_FORWARD,34,6134.932802291354
123002,968,102.24888333333334,6134.933,1.0,CENTER_FORWARD,34,6134.933
123002,986,77.69335,4661.601,0.75984544,RIGHT_WINGBACK_DEFENDER,34,6134.93317798946
123002,1050,24.555533333333337,1473.332,0.24015453,DEFENSE_MIDFIELD,34,6134.933203217112
123002,1294,92.62573333333333,5557.544,0.90588504,LEFT_WINGER,34,6134.932971185835
123002,1320,102.24888333333334,6134.933,1.0,DEFENSE_MIDFIELD,34,6134.933
123002,9604,15.389133333333332,923.348,0.15050662,RIGHT_WINGER,34,6134.932802291354
123002,9604,86.85975,5211.585,0.8494934,CENTER_FORWARD,34,6134.932890591028
123002,23160,9.62315,577.389,0.09411497,LEFT_WINGBACK_DEFENDER,34,6134.932625489866
123002,29624,24.555533333333337,1473.332,0.24015453,CENTRAL_DEFENDER,34,6134.933203217112
123002,49785,102.24888333333334,6134.933,1.0,GOALKEEPER,34,6134.933
123002,62650,24.555533333333337,1473.332,0.24015453,RIGHT_WINGBACK_DEFENDER,34,6134.933203217112
123002,62650,77.69335,4661.601,0.75984544,CENTRAL_DEFENDER,34,6134.93317798946
123002,68933,77.69335,4661.601,0.75984544,DEFENSE_MIDFIELD,34,6134.93317798946
123002,68933,9.166400000000001,549.984,0.08964793,RIGHT_WINGER,34,6134.93250764407
123002,94848,77.69335,4661.601,0.75984544,LEFT_WINGBACK_DEFENDER,34,6134.93317798946
123002,94862,14.932383333333332,895.943,0.14603958,LEFT_WINGBACK_DEFENDER,34,6134.932735358455
123002,94862,9.62315,577.389,0.09411497,LEFT_WINGER,34,6134.932625489866
123002,94862,77.69335,4661.601,0.75984544,RIGHT_WINGER,34,6134.93317798946
123017,622,94.76785,5686.071,0.8438304,CENTRAL_DEFENDER,34,6738.4050159842545
123017,862,112.30675,6738.405,1.0,RIGHT_WINGER,34,6738.405
123017,930,17.5389,1052.334,0.1561696,DEFENSE_MIDFIELD,34,6738.404913632359
123017,968,27.7272,1663.632,0.2468881,CENTER_FORWARD,34,6738.404969700849
123017,986,112.30675,6738.405,1.0,RIGHT_WINGBACK_DEFENDER,34,6738.405
123017,1050,84.57955,5074.773,0.7531119,DEFENSE_MIDFIELD,34,6738.405009932788
123017,1135,112.30675,6738.405,1.0,CENTRAL_DEFENDER,34,6738.405
123017,1268,27.7272,1663.632,0.2468881,LEFT_WINGBACK_DEFENDER,34,6738.404969700849
123017,1294,94.76785,5686.071,0.8438304,LEFT_WINGER,34,6738.4050159842545
123017,1320,112.30675,6738.405,1.0,DEFENSE_MIDFIELD,34,6738.405
123017,9604,10.1883,611.298,0.0907185,DEFENSE_MIDFIELD,34,6738.405066221333
123017,9604,84.57955,5074.773,0.7531119,CENTER_FORWARD,34,6738.405009932788
123017,23160,17.5389,1052.334,0.1561696,LEFT_WINGER,34,6738.404913632359
123017,49785,112.30675,6738.405,1.0,GOALKEEPER,34,6738.405
123017,68933,18.54215,1112.529,0.16510272,CENTER_FORWARD,34,6738.405036573595
123017,94848,84.57955,5074.773,0.7531119,LEFT_WINGBACK_DEFENDER,34,6738.405009932788
123017,94862,17.5389,1052.334,0.1561696,CENTRAL_DEFENDER,34,6738.404913632359
123020,862,71.3176,4279.056,0.66161704,RIGHT_WINGER,34,6467.572237861346
123020,862,20.771116666666668,1246.267,0.19269472,CENTER_FORWARD,34,6467.5721265222
123020,930,15.70415,942.249,0.1456882,CENTER_FORWARD,34,6467.572528180045
123020,968,71.3176,4279.056,0.66161704,CENTER_FORWARD,34,6467.572237861346
123020,986,107.79286666666667,6467.572,1.0,RIGHT_WINGBACK_DEFENDER,34,6467.572
123020,1050,107.79286666666667,6467.572,1.0,DEFENSE_MIDFIELD,34,6467.572
123020,1135,22.22671666666667,1333.603,0.2061984,CENTRAL_DEFENDER,34,6467.572008318202
123020,1268,15.70415,942.249,0.1456882,LEFT_WINGBACK_DEFENDER,34,6467.572528180045
123020,1294,71.3176,4279.056,0.66161704,LEFT_WINGER,34,6467.572237861346
123020,1320,107.79286666666667,6467.572,1.0,DEFENSE_MIDFIELD,34,6467.572
123020,9604,107.79286666666667,6467.572,1.0,CENTER_FORWARD,34,6467.572
123020,15811,36.47526666666667,2188.516,0.33838293,RIGHT_WINGER,34,6467.572108321185
123020,29624,85.56615000000001,5133.969,0.7938016,CENTRAL_DEFENDER,34,6467.571997839259
123020,49785,107.79286666666667,6467.572,1.0,GOALKEEPER,34,6467.572
123020,62650,107.79286666666667,6467.572,1.0,CENTRAL_DEFENDER,34,6467.572
123020,94848,92.08871666666667,5525.323,0.85431176,LEFT_WINGBACK_DEFENDER,34,6467.5722127481895
123020,94862,36.47526666666667,2188.516,0.33838293,LEFT_WINGER,34,6467.572108321185
123031,862,95.5318,5731.908,0.88305795,ATTACKING_MIDFIELD,34,6490.976045230102
123031,930,12.651133333333332,759.068,0.11694204,ATTACKING_MIDFIELD,34,6490.976213515687
123031,968,23.473166666666668,1408.39,0.21697661,CENTER_FORWARD,34,6490.976147152452
123031,986,108.18293333333332,6490.976,1.0,CENTRAL_DEFENDER,34,6490.976
123031,1050,108.18293333333332,6490.976,1.0,DEFENSE_MIDFIELD,34,6490.976
123031,1135,108.18293333333332,6490.976,1.0,CENTRAL_DEFENDER,34,6490.976
123031,1294,89.80668333333332,5388.401,0.83013725,ATTACKING_MIDFIELD,34,6490.976040407775
123031,1320,108.18293333333332,6490.976,1.0,DEFENSE_MIDFIELD,34,6490.976
123031,9604,84.70976666666667,5082.586,0.78302336,CENTER_FORWARD,34,6490.976207912879
123031,15811,108.18293333333332,6490.976,1.0,RIGHT_WINGBACK_DEFENDER,34,6490.976
123031,23160,18.376250000000002,1102.575,0.16986275,ATTACKING_MIDFIELD,34,6490.975802522919
123031,27747,84.70976666666667,5082.586,0.78302336,CENTRAL_DEFENDER,34,6490.976207912879
123031,49785,108.18293333333332,6490.976,1.0,GOALKEEPER,34,6490.976
123031,62650,23.473166666666668,1408.39,0.21697661,CENTRAL_DEFENDER,34,6490.976147152452
123031,94848,84.70976666666667,5082.586,0.78302336,LEFT_WINGBACK_DEFENDER,34,6490.976207912879
123031,94862,23.473166666666668,1408.39,0.21697661,LEFT_WINGBACK_DEFENDER,34,6490.976147152452
123037,622,61.73813333333333,3704.288,0.6288338,CENTRAL_DEFENDER,34,5890.726611705669
123037,862,29.365883333333333,1761.953,0.2991062,CENTER_FORWARD,34,5890.727106292013
123037,968,68.8129,4128.774,0.7008938,CENTER_FORWARD,34,5890.726954639918
123037,986,36.44065,2186.439,0.37116623,CENTRAL_DEFENDER,34,5890.727181726635
123037,1050,98.17878333333333,5890.727,1.0,CENTRAL_DEFENDER,34,5890.727
123037,1135,98.17878333333333,5890.727,1.0,CENTRAL_DEFENDER,34,5890.727
123037,1268,68.8129,4128.774,0.7008938,LEFT_WINGBACK_DEFENDER,34,5890.726954639918
123037,1294,79.44683333333334,4766.81,0.8092057,CENTER_FORWARD,34,5890.727166158123
123037,1320,98.17878333333333,5890.727,1.0,DEFENSE_MIDFIELD,34,5890.727
123037,9604,98.17878333333333,5890.727,1.0,ATTACKING_MIDFIELD,34,5890.727
123037,15811,98.17878333333333,5890.727,1.0,RIGHT_WINGBACK_DEFENDER,34,5890.727
123037,49785,98.17878333333333,5890.727,1.0,GOALKEEPER,34,5890.727
123037,62650,18.731949999999998,1123.917,0.19079427,DEFENSE_MIDFIELD,34,5890.727221525049
123037,68933,79.44683333333334,4766.81,0.8092057,DEFENSE_MIDFIELD,34,5890.727166158123
123037,94848,29.365883333333333,1761.953,0.2991062,LEFT_WINGBACK_DEFENDER,34,5890.727106292013
123037,94862,18.731949999999998,1123.917,0.19079427,CENTER_FORWARD,34,5890.727221525049
123045,622,95.22048333333333,5713.229,1.0,CENTRAL_DEFENDER,34,5713.229
123045,862,77.28246666666668,4636.948,0.811616,CENTER_FORWARD,34,5713.228916137681
123045,930,9.51385,570.831,0.0999139,DEFENSE_MIDFIELD,34,5713.229090246703
123045,968,17.938016666666666,1076.281,0.18838401,ATTACKING_MIDFIELD,34,5713.229058028864
123045,1050,95.22048333333333,5713.229,1.0,DEFENSE_MIDFIELD,34,5713.229
123045,1135,95.22048333333333,5713.229,1.0,CENTRAL_DEFENDER,34,5713.229
123045,1268,95.22048333333333,5713.229,1.0,LEFT_WINGBACK_DEFENDER,34,5713.229
123045,1294,65.11905,3907.143,0.6838765,LEFT_WINGER,34,5713.228923643377
123045,1320,85.70663333333333,5142.398,0.9000861,DEFENSE_MIDFIELD,34,5713.228989982181
123045,9604,95.22048333333333,5713.229,1.0,CENTER_FORWARD,34,5713.229
123045,15811,77.28246666666668,4636.948,0.811616,RIGHT_WINGER,34,5713.228916137681
123045,49785,95.22048333333333,5713.229,1.0,GOALKEEPER,34,5713.229
123045,62650,77.30521666666667,4638.313,0.8118549,RIGHT_WINGBACK_DEFENDER,34,5713.229051151874
123045,62650,17.915266666666664,1074.916,0.18814509,CENTRAL_DEFENDER,34,5713.229082938066
123045,68933,17.915266666666664,1074.916,0.18814509,ATTACKING_MIDFIELD,34,5713.229082938066
123045,68933,12.186166666666667,731.17,0.12797841,LEFT_WINGER,34,5713.229286095991
123045,94862,17.938016666666666,1076.281,0.18838401,RIGHT_WINGBACK_DEFENDER,34,5713.229058028864
123056,622,79.28821666666666,4757.293,0.7936348,CENTRAL_DEFENDER,34,5994.309977334663
123056,862,73.23465,4394.079,0.73304164,CENTER_FORWARD,34,5994.31022772458
123056,968,79.28821666666666,4757.293,0.7936348,CENTER_FORWARD,34,5994.309977334663
123056,986,20.61695,1237.017,0.2063652,CENTRAL_DEFENDER,34,5994.31008716586
123056,1050,99.90516666666667,5994.31,1.0,DEFENSE_MIDFIELD,34,5994.31
123056,1135,99.90516666666667,5994.31,1.0,CENTRAL_DEFENDER,34,5994.31
123056,1268,99.90516666666667,5994.31,1.0,LEFT_WINGBACK_DEFENDER,34,5994.31
123056,1294,73.23465,4394.079,0.73304164,LEFT_WINGER,34,5994.31022772458
123056,1320,99.90516666666667,5994.31,1.0,DEFENSE_MIDFIELD,34,5994.31
123056,9604,26.670516666666668,1600.231,0.26695833,CENTER_FORWARD,34,5994.310048313532
123056,15811,93.62481666666666,5617.489,0.9371369,RIGHT_WINGER,34,5994.309902854107
123056,23160,26.670516666666668,1600.231,0.26695833,LEFT_WINGER,34,5994.310048313532
123056,27747,6.28035,376.821,0.06286311,RIGHT_WINGER,34,5994.310494660542
123056,49785,99.90516666666667,5994.31,1.0,GOALKEEPER,34,5994.31
123056,62650,99.90516666666667,5994.31,1.0,RIGHT_WINGBACK_DEFENDER,34,5994.31
123056,68933,20.61695,1237.017,0.2063652,CENTER_FORWARD,34,5994.31008716586
123065,622,62.42603333333333,3745.562,0.6533934,CENTRAL_DEFENDER,34,5732.476024398165
123065,862,62.42603333333333,3745.562,0.6533934,CENTER_FORWARD,34,5732.476024398165
123065,930,19.132633333333334,1147.958,0.20025517,ATTACKING_MIDFIELD,34,5732.476220214439
123065,968,33.115233333333336,1986.914,0.34660658,CENTER_FORWARD,34,5732.4762847837455
123065,1050,95.54126666666666,5732.476,1.0,DEFENSE_MIDFIELD,34,5732.476
123065,1135,95.54126666666666,5732.476,1.0,CENTRAL_DEFENDER,34,5732.476
123065,1268,95.54126666666666,5732.476,1.0,LEFT_WINGBACK_DEFENDER,34,5732.476
123065,1294,62.42603333333333,3745.562,0.6533934,DEFENSE_MIDFIELD,34,5732.476024398165
123065,9604,76.40863333333333,4584.518,0.79974484,ATTACKING_MIDFIELD,34,5732.475873179751
123065,15811,95.54126666666666,5732.476,1.0,RIGHT_WINGBACK_DEFENDER,34,5732.476
123065,23160,33.115233333333336,1986.914,0.34660658,ATTACKING_MIDFIELD,34,5732.4762847837455
123065,23350,33.115233333333336,1986.914,0.34660658,CENTRAL_DEFENDER,34,5732.4762847837455
123065,27747,19.132633333333334,1147.958,0.20025517,DEFENSE_MIDFIELD,34,5732.476220214439
123065,49785,95.54126666666666,5732.476,1.0,GOALKEEPER,34,5732.476
123065,62650,95.54126666666666,5732.476,1.0,CENTRAL_DEFENDER,34,5732.476
123065,68933,13.9826,838.956,0.14635143,DEFENSE_MIDFIELD,34,5732.47558974996
123065,68933,62.42603333333333,3745.562,0.6533934,ATTACKING_MIDFIELD,34,5732.476024398165
123074,968,76.13131666666666,4567.879,0.7995049,CENTER_FORWARD,34,5713.384620907264
123074,986,95.22308333333334,5713.385,1.0,CENTRAL_DEFENDER,34,5713.385
123074,1050,92.66223333333333,5559.734,0.97310686,DEFENSE_MIDFIELD,34,5713.384858883844
123074,1135,95.22308333333334,5713.385,1.0,CENTRAL_DEFENDER,34,5713.385
123074,1268,92.66223333333333,5559.734,0.97310686,LEFT_WINGBACK_DEFENDER,34,5713.384858883844
123074,1294,19.09176666666667,1145.506,0.20049515,LEFT_WINGER,34,5713.385086871179
123074,1320,95.22308333333334,5713.385,1.0,DEFENSE_MIDFIELD,34,5713.385
123074,9604,76.13131666666666,4567.879,0.7995049,LEFT_WINGER,34,5713.384620907264
123074,9604,16.530916666666666,991.855,0.17360198,CENTER_FORWARD,34,5713.385296642355
123074,15811,95.22308333333334,5713.385,1.0,RIGHT_WINGBACK_DEFENDER,34,5713.385
123074,23160,2.5608500000000003,153.651,0.026893165,DEFENSE_MIDFIELD,34,5713.384794984154
123074,27747,76.13131666666666,4567.879,0.7995049,CENTRAL_DEFENDER,34,5713.384620907264
123074,28559,2.5608500000000003,153.651,0.026893165,CENTER_FORWARD,34,5713.384794984154
123074,29624,19.09176666666667,1145.506,0.20049515,CENTRAL_DEFENDER,34,5713.385086871179
123074,49785,95.22308333333334,5713.385,1.0,GOALKEEPER,34,5713.385
123074,68933,95.22308333333334,5713.385,1.0,RIGHT_WINGER,34,5713.385
123074,94848,2.5608500000000003,153.651,0.026893165,LEFT_WINGBACK_DEFENDER,34,5713.384794984154
123082,862,20.812583333333336,1248.755,0.20216715,CENTER_FORWARD,34,6176.844259811745
123082,930,9.827,589.62,0.09545652,CENTER_FORWARD,34,6176.8436561483695
123082,968,52.978433333333335,3178.706,0.51461655,CENTER_FORWARD,34,6176.843710137189
123082,986,52.978433333333335,3178.706,0.51461655,CENTRAL_DEFENDER,34,6176.843710137189
123082,1050,102.9474,6176.844,1.0,DEFENSE_MIDFIELD,34,6176.844
123082,1135,102.9474,6176.844,1.0,CENTRAL_DEFENDER,34,6176.844
123082,1268,102.9474,6176.844,1.0,LEFT_WINGBACK_DEFENDER,34,6176.844
123082,1294,49.96896666666667,2998.138,0.48538348,LEFT_WINGER,34,6176.843925549341
123082,1320,102.9474,6176.844,1.0,DEFENSE_MIDFIELD,34,6176.844
123082,9604,52.978433333333335,3178.706,0.51461655,ATTACKING_MIDFIELD,34,6176.843710137189
123082,9604,29.156383333333334,1749.383,0.28321633,CENTER_FORWARD,34,6176.843686944181
123082,15811,52.978433333333335,3178.706,0.51461655,RIGHT_WINGBACK_DEFENDER,34,6176.843710137189
123082,15811,49.96896666666667,2998.138,0.48538348,RIGHT_WINGER,34,6176.843925549341
123082,27747,93.1204,5587.224,0.90454346,CENTRAL_DEFENDER,34,6176.8441728604175
123082,49785,102.9474,6176.844,1.0,GOALKEEPER,34,6176.844
123082,62650,49.96896666666667,2998.138,0.48538348,RIGHT_WINGBACK_DEFENDER,34,6176.843925549341
123082,68933,52.978433333333335,3178.706,0.51461655,ATTACKING_MIDFIELD,34,6176.843710137189
123082,68933,40.14196666666667,2408.518,0.38992697,CENTER_FORWARD,34,6176.843833090079
123082,94848,9.827,589.62,0.09545652,CENTRAL_DEFENDER,34,6176.8436561483695
123092,862,74.09566666666666,4445.74,0.742301,RIGHT_WINGER,34,5989.13378804555
123092,968,91.44496666666667,5486.698,0.9161087,CENTER_FORWARD,34,5989.134258849414
123092,986,99.8189,5989.134,1.0,CENTRAL_DEFENDER,34,5989.134
123092,1050,99.8189,5989.134,1.0,DEFENSE_MIDFIELD,34,5989.134
123092,1135,99.8189,5989.134,1.0,CENTRAL_DEFENDER,34,5989.134
123092,1268,74.09566666666666,4445.74,0.742301,LEFT_WINGBACK_DEFENDER,34,5989.13378804555
123092,1294,48.09745,2885.847,0.48184714,LEFT_WINGER,34,5989.133815342351
123092,1320,99.8189,5989.134,1.0,DEFENSE_MIDFIELD,34,5989.134
123092,15811,94.90668333333333,5694.401,0.95078874,RIGHT_WINGBACK_DEFENDER,34,5989.133821673151
123092,23160,25.723233333333333,1543.394,0.257699,LEFT_WINGER,34,5989.134610533994
123092,27747,99.8189,5989.134,1.0,CENTRAL_DEFENDER,34,5989.134
123092,49785,99.8189,5989.134,1.0,GOALKEEPER,34,5989.134
123092,56465,8.373933333333333,502.436,0.08389126,CENTER_FORWARD,34,5989.134028979896
123092,62650,4.912216666666667,294.733,0.04921129,RIGHT_WINGBACK_DEFENDER,34,5989.133794298016
123092,68933,25.998216666666668,1559.893,0.26045385,LEFT_WINGER,34,5989.133967495585
123092,68933,25.723233333333333,1543.394,0.257699,RIGHT_WINGER,34,5989.134610533994
123092,94848,25.723233333333333,1543.394,0.257699,LEFT_WINGBACK_DEFENDER,34,5989.134610533994
123102,968,96.42628333333333,5785.577,1.0,CENTER_FORWARD,34,5785.577
123102,986,96.42628333333333,5785.577,1.0,CENTRAL_DEFENDER,34,5785.577
123102,1050,96.42628333333333,5785.577,1.0,DEFENSE_MIDFIELD,34,5785.577
123102,1135,96.42628333333333,5785.577,1.0,CENTRAL_DEFENDER,34,5785.577
123102,1268,58.950783333333334,3537.047,0.61135596,LEFT_WINGBACK_DEFENDER,34,5785.577031096581
123102,1294,58.950783333333334,3537.047,0.61135596,LEFT_WINGER,34,5785.577031096581
123102,1320,96.42628333333333,5785.577,1.0,DEFENSE_MIDFIELD,34,5785.577
123102,9604,88.5933,5315.598,0.91876715,RIGHT_WINGER,34,5785.576900523707
123102,15811,96.42628333333333,5785.577,1.0,RIGHT_WINGBACK_DEFENDER,34,5785.577
123102,27747,96.42628333333333,5785.577,1.0,CENTRAL_DEFENDER,34,5785.577
123102,28559,7.832983333333333,469.979,0.08123287,RIGHT_WINGER,34,5785.576700663168
123102,49785,96.42628333333333,5785.577,1.0,GOALKEEPER,34,5785.577
123102,68933,37.475500000000004,2248.53,0.38864404,LEFT_WINGER,34,5785.576951083567
123102,94848,37.475500000000004,2248.53,0.38864404,LEFT_WINGBACK_DEFENDER,34,5785.576951083567
123111,862,7.619783333333333,457.187,0.07525978,LEFT_WINGBACK_DEFENDER,34,6074.785230570698
123111,862,66.37705,3982.623,0.655599,ATTACKING_MIDFIELD,34,6074.785043906412
123111,862,27.24958333333333,1634.975,0.26914123,CENTER_FORWARD,34,6074.784602864451
123111,968,73.99683333333334,4439.81,0.7308588,CENTER_FORWARD,34,6074.784896891165
123111,1050,101.24641666666666,6074.785,1.0,DEFENSE_MIDFIELD,34,6074.785
123111,1135,101.24641666666666,6074.785,1.0,CENTRAL_DEFENDER,34,6074.785
123111,1268,85.64978833333333,5138.9873,0.8459537,LEFT_WINGBACK_DEFENDER,34,6074.7855349530355
123111,1268,7.619783333333333,457.187,0.07525978,CENTRAL_DEFENDER,34,6074.785230570698
123111,1294,66.37705,3982.623,0.655599,ATTACKING_MIDFIELD,34,6074.785043906412
123111,1294,7.619783333333333,457.187,0.07525978,CENTER_FORWARD,34,6074.785230570698
123111,1320,96.52976666666667,5791.786,0.95341414,DEFENSE_MIDFIELD,34,6074.785087622048
123111,9604,27.24958333333333,1634.975,0.26914123,CENTER_FORWARD,34,6074.784602864451
123111,15811,101.24641666666666,6074.785,1.0,RIGHT_WINGBACK_DEFENDER,34,6074.785
123111,23160,4.7166500000000005,282.999,0.046585847,DEFENSE_MIDFIELD,34,6074.784901946723
123111,27747,101.24641666666666,6074.785,1.0,CENTRAL_DEFENDER,34,6074.785
123111,49785,101.24641666666666,6074.785,1.0,GOALKEEPER,34,6074.785
123111,62650,66.37705,3982.623,0.655599,CENTRAL_DEFENDER,34,6074.785043906412
123111,94848,27.24958333333333,1634.975,0.26914123,CENTRAL_DEFENDER,34,6074.784602864451
123111,94862,7.97685,478.611,0.07878649,LEFT_WINGBACK_DEFENDER,34,6074.7851566937425
123119,862,78.6969,4721.814,0.83568925,ATTACKING_MIDFIELD,34,5650.203110785498
123119,930,15.47315,928.389,0.16431074,CENTER_FORWARD,34,5650.202780414719
123119,968,10.461716666666666,627.703,0.111093886,ATTACKING_MIDFIELD,34,5650.202928359171
123119,968,78.6969,4721.814,0.83568925,CENTER_FORWARD,34,5650.203110785498
123119,986,94.17005,5650.203,1.0,CENTRAL_DEFENDER,34,5650.203
123119,1135,94.17005,5650.203,1.0,CENTRAL_DEFENDER,34,5650.203
123119,1268,78.6969,4721.814,0.83568925,LEFT_WINGBACK_DEFENDER,34,5650.203110785498
123119,1294,89.15861666666666,5349.517,0.9467831,ATTACKING_MIDFIELD,34,5650.203304220365
123119,1320,94.17005,5650.203,1.0,DEFENSE_MIDFIELD,34,5650.203
123119,9604,94.17005,5650.203,1.0,DEFENSE_MIDFIELD,34,5650.203
123119,15811,94.17005,5650.203,1.0,RIGHT_WINGBACK_DEFENDER,34,5650.203
123119,23160,5.011433333333333,300.686,0.05321685,ATTACKING_MIDFIELD,34,5650.202896263119
123119,27747,94.17005,5650.203,1.0,CENTRAL_DEFENDER,34,5650.203
123119,28559,5.011433333333333,300.686,0.05321685,ATTACKING_MIDFIELD,34,5650.202896263119
123119,49785,94.17005,5650.203,1.0,GOALKEEPER,34,5650.203
123119,94848,15.47315,928.389,0.16431074,LEFT_WINGBACK_DEFENDER,34,5650.202780414719
123133,862,90.60051666666666,5436.031,0.92582476,ATTACKING_MIDFIELD,34,5871.555001402209
123133,930,7.258733333333334,435.524,0.07417524,ATTACKING_MIDFIELD,34,5871.554982498203
123133,968,79.19463333333333,4751.678,0.8092708,CENTER_FORWARD,34,5871.554985055683
123133,986,97.85925,5871.555,1.0,CENTRAL_DEFENDER,34,5871.555
123133,1050,97.85925,5871.555,1.0,DEFENSE_MIDFIELD,34,5871.555
123133,1135,58.635,3518.1,0.5991769,CENTRAL_DEFENDER,34,5871.554794585705
123133,1268,79.19463333333333,4751.678,0.8092708,LEFT_WINGBACK_DEFENDER,34,5871.554985055683
123133,1294,97.85925,5871.555,1.0,ATTACKING_MIDFIELD,34,5871.555
123133,1320,97.85925,5871.555,1.0,DEFENSE_MIDFIELD,34,5871.555
123133,9604,18.664616666666667,1119.877,0.1907292,CENTER_FORWARD,34,5871.555063409273
123133,15811,97.85925,5871.555,1.0,RIGHT_WINGBACK_DEFENDER,34,5871.555
123133,27747,97.85925,5871.555,1.0,CENTRAL_DEFENDER,34,5871.555
123133,49785,97.85925,5871.555,1.0,GOALKEEPER,34,5871.555
123133,94848,39.22425,2353.455,0.40082312,CENTRAL_DEFENDER,34,5871.555014092001
123133,94862,18.664616666666667,1119.877,0.1907292,LEFT_WINGBACK_DEFENDER,34,5871.555063409273
123137,862,79.11368333333333,4746.821,0.7800801,ATTACKING_MIDFIELD,34,6085.043061603545
123137,930,22.256899999999998,1335.414,0.21945843,ATTACKING_MIDFIELD,34,6085.043076267337
123137,968,40.45666666666667,2427.4,0.39891255,CENTER_FORWARD,34,6085.042949889645
123137,986,101.37058333333333,6082.235,1.0,CENTRAL_DEFENDER,34,6082.235
123137,1050,84.64045,5078.427,0.83457536,DEFENSE_MIDFIELD,34,6085.043057106311
123137,1268,60.913916666666665,3654.835,0.600626,LEFT_WINGBACK_DEFENDER,34,6085.0429385341295
123137,1294,101.37058333333333,6082.235,1.0,ATTACKING_MIDFIELD,34,6082.235
123137,1320,101.37058333333333,6082.235,1.0,DEFENSE_MIDFIELD,34,6082.235
123137,9604,60.913916666666665,3654.835,0.600626,CENTER_FORWARD,34,6085.0429385341295
123137,15811,101.37058333333333,6082.235,1.0,RIGHT_WINGBACK_DEFENDER,34,6082.235
123137,23160,16.730133333333335,1003.808,0.16496317,DEFENSE_MIDFIELD,34,6085.043103863729
123137,27747,101.37058333333333,6082.235,1.0,CENTRAL_DEFENDER,34,6082.235
123137,49785,101.37058333333333,6082.235,1.0,GOALKEEPER,34,6082.235
123137,94848,101.37058333333333,6082.235,1.0,CENTRAL_DEFENDER,34,6082.235
123137,94862,40.45666666666667,2427.4,0.39891255,LEFT_WINGBACK_DEFENDER,34,6085.042949889645
