match_id,player_id,minutes
122841,622,101.29913333333334
122841,862,90.365
122841,968,90.365
122841,986,101.29913333333334
122841,1135,10.934133333333333
122841,1268,96.00376666666666
122841,1294,96.00376666666666
122841,1320,101.29913333333334
122841,9604,10.934133333333333
122841,9604,90.365
122841,15811,10.934133333333333
122841,23350,101.29913333333334
122841,27747,22.02
122841,49785,101.29913333333334
122841,62650,5.295366666666666
122841,68933,79.27913333333332
122841,94862,5.295366666666666
122848,622,99.72798333333334
122848,862,62.6801
122848,930,27.427083333333332
122848,930,9.620800000000001
122848,968,27.427083333333332
122848,986,85.67236666666666
122848,1050,99.72798333333334
122848,1294,99.72798333333334
122848,1320,99.72798333333334
122848,9604,85.67236666666666
122848,15811,72.3009
122848,23350,99.72798333333334
122848,49785,99.72798333333334
122848,62650,99.72798333333334
122848,94847,14.055616666666667
122848,94862,14.055616666666667
122861,622,94.02281666666666
122861,862,47.050216666666664
122861,930,46.97260000000001
122861,968,47.050216666666664
122861,986,47.050216666666664
122861,986,46.97260000000001
122861,1050,94.02281666666666
122861,1294,74.50295
122861,1320,74.50295
122861,9604,94.02281666666666
122861,15811,46.97260000000001
122861,23350,94.02281666666666
122861,49785,94.02281666666666
122861,62650,47.050216666666664
122861,68933,19.519866666666665
122861,94847,46.97260000000001
122861,94862,19.519866666666665
122867,622,88.84523333333333
122867,622,12.849483333333334
122867,862,101.69471666666666
122867,968,27.558766666666667
122867,986,91.02096666666667
122867,1050,88.84523333333333
122867,1135,101.69471666666666
122867,1294,18.15865
122867,1294,55.9773
122867,1320,101.69471666666666
122867,9604,83.53606666666666
122867,15811,91.02096666666667
122867,23350,101.69471666666666
122867,28559,18.15865
122867,49785,101.69471666666666
122867,68933,10.67375
122867,94847,10.67375
122882,622,100.8747
122882,862,100.8747
122882,930,23.403166666666667
122882,986,88.23953333333334
122882,1294,77.47153333333334
122882,1320,100.8747
122882,9604,88.23953333333334
122882,15811,77.47153333333334
122882,23350,100.8747
122882,27747,100.8747
122882,28559,12.635166666666667
122882,49785,100.8747
122882,62650,100.8747
122882,94847,12.635166666666667
122882,94862,23.403166666666667
122891,622,99.94685
122891,862,91.8599
122891,930,23.8204
122891,968,8.08695
122891,986,99.94685
122891,1135,8.08695
122891,1294,56.34311666666667
122891,1294,19.783333333333335
122891,1320,99.94685
122891,9604,15.73345
122891,9604,76.12645
122891,15811,76.12645
122891,23350,99.94685
122891,27747,19.783333333333335
122891,28559,23.8204
122891,49785,99.94685
122891,62650,8.08695
122891,62650,91.8599
122891,68933,23.8204
122891,68933,56.34311666666667
122899,862,86.79726666666667
122899,930,26.193416666666668
122899,930,22.950783333333334
122899,986,70.88165000000001
122899,986,26.193416666666668
122899,1135,97.07506666666667
122899,1294,26.193416666666668
122899,1294,70.88165000000001
122899,1320,86.79726666666667
122899,9604,22.950783333333334
122899,9604,47.93086666666667
122899,15811,70.88165000000001
122899,23350,97.07506666666667
122899,28559,26.193416666666668
122899,49785,97.07506666666667
122899,56465,10.277800000000001
122899,62650,97.07506666666667
122899,68933,47.93086666666667
122899,70440,10.277800000000001
122899,94862,26.193416666666668
122903,622,100.23088333333334
122903,862,76.94723333333333
122903,930,76.94723333333333
122903,968,23.28365
122903,986,13.856833333333332
122903,1050,100.23088333333334
122903,1135,100.23088333333334
122903,1294,92.31438333333334
122903,1320,100.23088333333334
122903,9604,7.9165
122903,9604,15.36715
122903,15811,86.37405
122903,23350,100.23088333333334
122903,28559,7.9165
122903,49785,100.23088333333334
122903,62650,13.856833333333332
122903,94862,86.37405
122912,622,96.6469
122912,968,29.48545
122912,986,96.6469
122912,1050,96.6469
122912,1135,29.48545
122912,1294,13.78725
122912,1294,67.16145
122912,1320,67.16145
122912,9604,29.48545
122912,9604,67.16145
122912,15811,29.48545
122912,15811,67.16145
122912,23350,67.16145
122912,28559,15.698200000000002
122912,49785,96.6469
122912,62650,67.16145
122912,62650,29.48545
122912,68933,13.78725
122912,68933,67.16145
122912,94862,15.698200000000002
122921,622,101.10546666666667
122921,968,37.437016666666665
122921,986,50.10316666666667
122921,1050,101.10546666666667
122921,1294,101.10546666666667
122921,1320,101.10546666666667
122921,9604,101.10546666666667
122921,15811,63.66845
122921,23350,101.10546666666667
122921,49785,101.10546666666667
122921,62650,101.10546666666667
122921,68933,63.66845
122921,94848,51.0023
122921,94862,37.437016666666665
122929,622,101.63955
122929,968,15.94175
122929,1050,101.63955
122929,1135,94.5102
122929,1294,85.6978
122929,1320,101.63955
122929,9604,94.5102
122929,15811,15.94175
122929,23350,101.63955
122929,28559,7.1293500000000005
122929,49785,101.63955
122929,62650,101.63955
122929,68933,85.6978
122929,94847,7.1293500000000005
122929,94862,101.63955
122939,622,97.21603333333334
122939,968,97.21603333333334
122939,1050,97.21603333333334
122939,1135,83.00505
122939,1294,97.21603333333334
122939,1320,97.21603333333334
122939,9604,9.426733333333335
122939,9604,83.00505
122939,15811,83.00505
122939,23350,97.21603333333334
122939,28559,4.78425
122939,49785,97.21603333333334
122939,62650,14.210983333333333
122939,94848,14.210983333333333
122939,94862,83.00505
122939,94862,14.210983333333333
122949,622,23.110416666666666
122949,862,12.973899999999999
122949,968,89.58363333333334
122949,1050,102.55753333333334
122949,1135,79.44711666666667
122949,1320,102.55753333333334
122949,9604,37.7831
122949,15811,89.58363333333334
122949,23350,102.55753333333334
122949,28559,12.973899999999999
122949,49785,102.55753333333334
122949,62650,102.55753333333334
122949,68933,102.55753333333334
122949,94848,102.55753333333334
122949,94862,64.77443333333333
122958,622,94.77208333333333
122958,862,36.76141666666667
122958,968,94.77208333333333
122958,1050,94.77208333333333
122958,1294,58.010666666666665
122958,1320,94.77208333333333
122958,9604,36.76141666666667
122958,15811,58.010666666666665
122958,23350,94.77208333333333
122958,28559,3.065633333333333
122958,49785,94.77208333333333
122958,62650,94.77208333333333
122958,68933,91.70644999999999
122958,94848,94.77208333333333
122966,622,102.05823333333333
122966,862,31.200933333333335
122966,968,31.200933333333335
122966,986,21.733716666666666
122966,1050,102.05823333333333
122966,1135,102.05823333333333
122966,1294,70.8573
122966,1320,102.05823333333333
122966,9604,70.8573
122966,15811,102.05823333333333
122966,28559,3.0343333333333335
122966,49785,102.05823333333333
122966,62650,80.32451666666665
122966,68933,99.0239
122966,94848,80.32451666666665
122966,94862,21.733716666666666
122981,622,99.34798333333333
122981,862,84.99363333333334
122981,968,32.7704
122981,986,84.99363333333334
122981,1050,99.34798333333333
122981,1135,99.34798333333333
122981,1320,99.34798333333333
122981,9604,99.34798333333333
122981,15811,99.34798333333333
122981,28559,14.35435
122981,49785,99.34798333333333
122981,62650,99.34798333333333
122981,68933,66.57758333333334
122981,94862,14.35435
122984,622,96.30081666666666
122984,862,3.9587166666666667
122984,862,9.87785
122984,862,82.46424999999999
122984,930,9.87785
122984,930,3.9587166666666667
122984,968,82.46424999999999
122984,968,13.836566666666666
122984,1135,96.30081666666666
122984,1294,82.46424999999999
122984,1320,96.30081666666666
122984,9604,3.9587166666666667
122984,9604,9.87785
122984,49785,96.30081666666666
122984,62650,96.30081666666666
122984,68933,96.30081666666666
122984,94848,96.30081666666666
122984,94862,82.46424999999999
122997,622,100.10376666666666
122997,862,3.95725
122997,862,88.85294999999999
122997,968,100.10376666666666
122997,986,11.250816666666667
122997,986,9.1991
122997,1050,11.250816666666667
122997,1135,87.27983333333333
122997,1294,79.65384999999999
122997,1320,100.10376666666666
122997,9604,88.85294999999999
122997,27747,7.293566666666666
122997,49785,100.10376666666666
122997,62650,88.85294999999999
122997,62650,11.250816666666667
122997,68933,88.85294999999999
122997,94848,100.10376666666666
122997,94862,11.250816666666667
123002,622,102.24888333333334
123002,930,15.389133333333332
123002,968,102.24888333333334
123002,986,77.69335
123002,1050,24.555533333333337
123002,1294,92.62573333333333
123002,1320,102.24888333333334
123002,9604,15.389133333333332
123002,9604,86.85975
123002,23160,9.62315
123002,29624,24.555533333333337
123002,49785,102.24888333333334
123002,62650,24.555533333333337
123002,62650,77.69335
123002,68933,77.69335
123002,68933,9.166400000000001
123002,94848,77.69335
123002,94862,14.932383333333332
123002,94862,9.62315
123002,94862,77.69335
123017,622,94.76785
123017,862,112.30675
123017,930,17.5389
123017,968,27.7272
123017,986,112.30675
123017,1050,84.57955
123017,1135,112.30675
123017,1268,27.7272
123017,1294,94.76785
123017,1320,112.30675
123017,9604,10.1883
123017,9604,84.57955
123017,23160,17.5389
123017,49785,112.30675
123017,68933,18.54215
123017,94848,84.57955
123017,94862,17.5389
123020,862,71.3176
123020,862,20.771116666666668
123020,930,15.70415
123020,968,71.3176
123020,986,107.79286666666667
123020,1050,107.79286666666667
123020,1135,22.22671666666667
123020,1268,15.70415
123020,1294,71.3176
123020,1320,107.79286666666667
123020,9604,107.79286666666667
123020,15811,36.47526666666667
123020,29624,85.56615000000001
123020,49785,107.79286666666667
123020,62650,107.79286666666667
123020,94848,92.08871666666667
123020,94862,36.47526666666667
123031,862,95.5318
123031,930,12.651133333333332
123031,968,23.473166666666668
123031,986,108.18293333333332
123031,1050,108.18293333333332
123031,1135,108.18293333333332
123031,1294,89.80668333333332
123031,1320,108.18293333333332
123031,9604,84.70976666666667
123031,15811,108.18293333333332
123031,23160,18.376250000000002
123031,27747,84.70976666666667
123031,49785,108.18293333333332
123031,62650,23.473166666666668
123031,94848,84.70976666666667
123031,94862,23.473166666666668
123037,622,61.73813333333333
123037,862,29.365883333333333
123037,968,68.8129
123037,986,36.44065
123037,1050,98.17878333333333
123037,1135,98.17878333333333
123037,1268,68.8129
123037,1294,79.44683333333334
123037,1320,98.17878333333333
123037,9604,98.17878333333333
123037,15811,98.17878333333333
123037,49785,98.17878333333333
123037,62650,18.731949999999998
123037,68933,79.44683333333334
123037,94848,29.365883333333333
123037,94862,18.731949999999998
123045,622,95.22048333333333
123045,862,77.28246666666668
123045,930,9.51385
123045,968,17.938016666666666
123045,1050,95.22048333333333
123045,1135,95.22048333333333
123045,1268,95.22048333333333
123045,1294,65.11905
123045,1320,85.70663333333333
123045,9604,95.22048333333333
123045,15811,77.28246666666668
123045,49785,95.22048333333333
123045,62650,77.30521666666667
123045,62650,17.915266666666664
123045,68933,17.915266666666664
123045,68933,12.186166666666667
123045,94862,17.938016666666666
123056,622,79.28821666666666
123056,862,73.23465
123056,968,79.28821666666666
123056,986,20.61695
123056,1050,99.90516666666667
123056,1135,99.90516666666667
123056,1268,99.90516666666667
123056,1294,73.23465
123056,1320,99.90516666666667
123056,9604,26.670516666666668
123056,15811,93.62481666666666
123056,23160,26.670516666666668
123056,27747,6.28035
123056,49785,99.90516666666667
123056,62650,99.90516666666667
123056,68933,20.61695
123065,622,62.42603333333333
123065,862,62.42603333333333
123065,930,19.132633333333334
123065,968,33.115233333333336
123065,1050,95.54126666666666
123065,1135,95.54126666666666
123065,1268,95.54126666666666
123065,1294,62.42603333333333
123065,9604,76.40863333333333
123065,15811,95.54126666666666
123065,23160,33.115233333333336
123065,23350,33.115233333333336
123065,27747,19.132633333333334
123065,49785,95.54126666666666
123065,62650,95.54126666666666
123065,68933,13.9826
123065,68933,62.42603333333333
123074,968,76.13131666666666
123074,986,95.22308333333334
123074,1050,92.66223333333333
123074,1135,95.22308333333334
123074,1268,92.66223333333333
123074,1294,19.09176666666667
123074,1320,95.22308333333334
123074,9604,76.13131666666666
123074,9604,16.530916666666666
123074,15811,95.22308333333334
123074,23160,2.5608500000000003
123074,27747,76.13131666666666
123074,28559,2.5608500000000003
123074,29624,19.09176666666667
123074,49785,95.22308333333334
123074,68933,95.22308333333334
123074,94848,2.5608500000000003
123082,862,20.812583333333336
123082,930,9.827
123082,968,52.978433333333335
123082,986,52.978433333333335
123082,1050,102.9474
123082,1135,102.9474
123082,1268,102.9474
123082,1294,49.96896666666667
123082,1320,102.9474
123082,9604,52.978433333333335
123082,9604,29.156383333333334
123082,15811,52.978433333333335
123082,15811,49.96896666666667
123082,27747,93.1204
123082,49785,102.9474
123082,62650,49.96896666666667
123082,68933,52.978433333333335
123082,68933,40.14196666666667
123082,94848,9.827
123092,862,74.09566666666666
123092,968,91.44496666666667
123092,986,99.8189
123092,1050,99.8189
123092,1135,99.8189
123092,1268,74.09566666666666
123092,1294,48.09745
123092,1320,99.8189
123092,15811,94.90668333333333
123092,23160,25.723233333333333
123092,27747,99.8189
123092,49785,99.8189
123092,56465,8.373933333333333
123092,62650,4.912216666666667
123092,68933,25.998216666666668
123092,68933,25.723233333333333
123092,94848,25.723233333333333
123102,968,96.42628333333333
123102,986,96.42628333333333
123102,1050,96.42628333333333
123102,1135,96.42628333333333
123102,1268,58.950783333333334
123102,1294,58.950783333333334
123102,1320,96.42628333333333
123102,9604,88.5933
123102,15811,96.42628333333333
123102,27747,96.42628333333333
123102,28559,7.832983333333333
123102,49785,96.42628333333333
123102,68933,37.475500000000004
123102,94848,37.475500000000004
123111,862,7.619783333333333
123111,862,66.37705
123111,862,27.24958333333333
123111,968,73.99683333333334
123111,1050,101.24641666666666
123111,1135,101.24641666666666
123111,1268,85.64978833333333
123111,1268,7.619783333333333
123111,1294,66.37705
123111,1294,7.619783333333333
123111,1320,96.52976666666667
123111,9604,27.24958333333333
123111,15811,101.24641666666666
123111,23160,4.7166500000000005
123111,27747,101.24641666666666
123111,49785,101.24641666666666
123111,62650,66.37705
123111,94848,27.24958333333333
123111,94862,7.97685
123119,862,78.6969
123119,930,15.47315
123119,968,10.461716666666666
123119,968,78.6969
123119,986,94.17005
123119,1135,94.17005
123119,1268,78.6969
123119,1294,89.15861666666666
123119,1320,94.17005
123119,9604,94.17005
123119,15811,94.17005
123119,23160,5.011433333333333
123119,27747,94.17005
123119,28559,5.011433333333333
123119,49785,94.17005
123119,94848,15.47315
123133,862,90.60051666666666
123133,930,7.258733333333334
123133,968,79.19463333333333
123133,986,97.85925
123133,1050,97.85925
123133,1135,58.635
123133,1268,79.19463333333333
123133,1294,97.85925
123133,1320,97.85925
123133,9604,18.664616666666667
123133,15811,97.85925
123133,27747,97.85925
123133,49785,97.85925
123133,94848,39.22425
123133,94862,18.664616666666667
123137,862,79.11368333333333
123137,930,22.256899999999998
123137,968,40.45666666666667
123137,986,101.37058333333333
123137,1050,84.64045
123137,1268,60.913916666666665
123137,1294,101.37058333333333
123137,1320,101.37058333333333
123137,9604,60.913916666666665
123137,15811,101.37058333333333
123137,23160,16.730133333333335
123137,27747,101.37058333333333
123137,49785,101.37058333333333
123137,94848,101.37058333333333
123137,94862,40.45666666666667
